S	2	sv	nonmemory-nextpc-v2
Q	0	0	0	0	0	0	0	0	0	0	0	0	0	15	2166572384	305419896	0	0	0	0
P	0	0	0	0	0	0	0	0	0	0	0	0	0	15	2166572384	305419896	0	0	0	0
Q	1	0	0	0	0	0	0	0	0	0	0	0	0	15	2166572384	305419896	0	0	0	0
P	1	0	0	0	0	0	0	0	0	0	0	0	0	15	2166572384	305419896	0	0	0	0
Q	2	0	0	0	0	0	0	0	0	0	0	0	0	15	2166572384	305419896	0	0	0	0
P	2	0	0	0	0	0	0	0	0	0	0	0	0	15	2166572384	305419896	0	0	0	0
Q	3	0	0	0	0	0	0	0	0	0	0	0	0	15	2166572384	305419896	0	0	0	0
P	3	0	0	0	0	0	0	0	0	0	0	0	0	15	2166572384	305419896	0	0	0	0
Q	4	0	0	0	0	0	0	0	0	0	0	0	0	15	2166572384	305419896	0	0	0	0
P	4	0	0	0	0	0	0	0	0	0	0	0	0	15	2166572384	305419896	0	0	0	0
Q	5	0	0	0	0	0	0	0	0	0	0	0	0	15	2166572384	305419896	0	0	0	0
P	5	1	0	0	0	0	0	0	0	0	0	0	0	15	2166572384	305419896	0	0	0	0
Q	6	1	0	0	0	0	0	0	0	0	0	0	0	15	2166572384	305419896	0	0	0	0
P	6	1	0	0	0	0	0	0	0	0	0	0	0	15	2166572384	305419896	0	0	0	0
Q	7	1	0	0	0	0	0	0	0	0	0	0	0	15	2166572384	305419896	0	0	0	0
P	7	1	0	0	0	0	0	0	0	0	0	0	0	15	2166572384	305419896	0	0	0	0
Q	8	1	0	0	0	0	0	0	0	1	0	0	0	15	2166572384	305419896	0	0	0	0
