S	2	cpp	nonmemory-nextpc-v2
P	0	0	0	0	0	0	0	0	0	0	0	0	0	15	2166572384	305419896	0	0	0	0
Q	0	0	0	0	0	0	0	0	0	0	0	0	0	15	2166572384	305419896	0	0	0	0
P	1	0	0	0	0	0	0	0	0	0	0	0	0	15	2166572384	305419896	0	0	0	0
Q	1	0	0	0	0	0	0	0	0	0	0	0	0	15	2166572384	305419896	0	0	0	0
P	2	0	0	0	0	0	0	0	0	0	0	0	0	15	2166572384	305419896	0	0	0	0
Q	2	0	0	0	0	0	0	0	0	0	0	0	0	15	2166572384	305419896	0	0	0	0
P	3	0	0	0	0	0	0	0	0	0	0	0	0	15	2166572384	305419896	0	0	0	0
Q	3	0	0	0	0	0	0	0	0	0	0	0	0	15	2166572384	305419896	0	0	0	0
P	4	0	0	0	0	0	0	0	0	0	0	0	0	15	2166572384	305419896	0	0	0	0
Q	4	0	0	0	0	0	0	0	0	0	0	0	0	15	2166572384	305419896	0	0	0	0
P	5	1	0	0	0	0	0	0	0	0	0	0	0	15	2166572384	305419896	0	0	0	0
Q	5	1	0	0	0	0	0	0	0	0	0	0	0	15	2166572384	305419896	0	0	0	0
P	6	1	0	0	0	0	0	0	0	0	0	0	0	15	2166572384	305419896	0	0	0	0
Q	6	1	0	0	0	0	0	0	0	0	0	0	0	15	2166572384	305419896	0	0	0	0
P	7	1	0	0	0	0	0	0	0	0	0	0	0	15	2166572384	305419896	0	0	0	0
Q	7	1	0	0	0	0	0	0	0	0	0	0	0	15	2166572384	305419896	0	0	0	0
R	7	1	2147483776	1311763	2147483780	8	0	0	0	8	1	0	0	0	3	1	0	0	0	0	0	0	0	0	0	0	305419896	2271560481	305414945
P	8	1	0	0	0	0	0	0	0	0	0	0	0	15	2166572384	305419896	0	0	0	0
Q	8	1	0	0	0	0	0	0	0	0	0	0	0	15	2166572384	305419896	0	0	0	0
R	8	2	2147483780	1311763	2147483784	8	0	1	0	8	2	0	0	0	3	1	0	0	0	0	0	0	0	0	0	0	305419896	2271560481	305414945
P	9	1	0	0	0	0	0	0	0	0	0	0	0	15	2166572384	305419896	0	0	0	0
Q	9	1	0	0	0	0	0	0	0	0	0	0	0	15	2166572384	305419896	0	0	0	0
R	9	3	2147483784	1311763	2147483788	8	0	2	0	8	3	0	0	0	3	1	0	0	0	0	0	0	0	0	0	0	305419896	2271560481	305414945
P	10	1	0	0	0	0	0	0	0	0	0	0	0	15	2166572384	305419896	0	0	0	0
Q	10	1	0	0	0	0	0	0	0	0	0	0	0	15	2166572384	305419896	0	0	0	0
P	11	1	0	0	0	0	0	0	0	0	0	0	0	15	2166572384	305419896	0	0	0	0
Q	11	1	0	0	0	0	0	0	0	0	0	0	0	15	2166572384	305419896	0	0	0	0
P	12	1	0	0	0	0	0	0	0	0	0	0	0	15	2166572384	305419896	0	0	0	0
Q	12	1	0	0	0	0	0	0	0	0	0	0	0	15	2166572384	305419896	0	0	0	0
P	13	1	0	0	0	0	0	0	0	0	0	0	0	15	2166572384	305419896	0	0	0	0
Q	13	1	0	0	0	0	0	0	0	0	0	0	0	15	2166572384	305419896	0	0	0	0
