Q	0	0	0	0	0	0	0	0	0
Q	1	0	0	0	0	0	0	0	0
Q	2	0	0	0	0	0	0	0	0
Q	3	0	0	0	0	0	0	0	0
Q	4	0	0	0	0	0	0	0	0
Q	5	0	0	0	0	0	0	0	0
Q	6	1	0	0	0	0	0	0	0
Q	7	1	0	0	0	0	0	0	0
Q	8	1	0	0	0	0	0	0	0
Q	9	1	0	0	0	0	0	0	0
R	9	1	2147483776	2579	2147483780	0	0	0	0	20	0	0	0	0	3	1	15	0	0	0	0	0	0	0	0	0
Q	10	1	0	0	0	0	0	0	0
R	10	2	2147483780	4293919763	2147483784	0	0	0	0	8	4294967295	0	0	0	3	1	15	0	0	0	0	0	0	0	0	0
Q	11	1	0	0	0	0	0	0	0
R	11	3	2147483784	1311763	2147483788	8	0	4294967295	0	8	0	0	0	0	3	1	15	0	0	0	0	0	0	0	0	0
Q	12	1	0	0	0	0	0	0	0
R	12	4	2147483788	1706515	2147483792	20	0	0	0	20	1	0	0	0	3	1	15	0	0	0	0	0	0	0	0	0
Q	13	1	0	0	0	0	0	0	0
Q	14	1	0	0	0	0	0	0	0
R	14	5	2147483792	56421	2147483784	8	0	0	0	0	0	0	0	0	3	1	15	0	0	0	0	0	0	0	0	0
Q	15	1	0	0	0	0	0	0	0
Q	16	1	0	0	0	0	0	0	0
R	16	6	2147483784	1311763	2147483788	8	0	0	0	8	1	0	0	0	3	1	15	0	0	0	0	0	0	0	0	0
Q	17	1	0	0	0	0	0	0	0
R	17	7	2147483788	1706515	2147483792	20	0	1	0	20	2	0	0	0	3	1	15	0	0	0	0	0	0	0	0	0
Q	18	1	0	0	0	0	0	0	0
R	18	8	2147483792	56421	2147483794	8	0	1	0	0	0	0	0	0	3	1	15	0	0	0	0	0	0	0	0	0
Q	19	1	0	0	0	0	0	0	0
R	19	9	2147483794	3146771	2147483798	0	0	0	0	8	3	0	0	0	3	1	15	0	0	0	0	0	0	0	0	0
Q	20	1	0	0	0	0	0	0	0
R	20	10	2147483798	4294181907	2147483802	8	0	3	0	8	2	0	0	0	3	1	15	0	0	0	0	0	0	0	0	0
Q	21	1	0	0	0	0	0	0	0
R	21	11	2147483802	1706515	2147483806	20	0	2	0	20	3	0	0	0	3	1	15	0	0	0	0	0	0	0	0	0
Q	22	1	0	0	0	0	0	0	0
Q	23	1	0	0	0	0	0	0	0
R	23	12	2147483806	64613	2147483798	8	0	2	0	0	0	0	0	0	3	1	15	0	0	0	0	0	0	0	0	0
Q	24	1	0	0	0	0	0	0	0
Q	25	1	0	0	0	0	0	0	0
Q	26	1	0	0	0	0	0	0	0
R	26	13	2147483798	4294181907	2147483802	8	0	2	0	8	1	0	0	0	3	1	15	0	0	0	0	0	0	0	0	0
Q	27	1	0	0	0	0	0	0	0
R	27	14	2147483802	1706515	2147483806	20	0	3	0	20	4	0	0	0	3	1	15	0	0	0	0	0	0	0	0	0
Q	28	1	0	0	0	0	0	0	0
Q	29	1	0	0	0	0	0	0	0
R	29	15	2147483806	64613	2147483798	8	0	1	0	0	0	0	0	0	3	1	15	0	0	0	0	0	0	0	0	0
Q	30	1	0	0	0	0	0	0	0
Q	31	1	0	0	0	0	0	0	0
Q	32	1	0	0	0	0	0	0	0
R	32	16	2147483798	4294181907	2147483802	8	0	1	0	8	0	0	0	0	3	1	15	0	0	0	0	0	0	0	0	0
Q	33	1	0	0	0	0	0	0	0
R	33	17	2147483802	1706515	2147483806	20	0	4	0	20	5	0	0	0	3	1	15	0	0	0	0	0	0	0	0	0
Q	34	1	0	0	0	0	0	0	0
R	34	18	2147483806	64613	2147483808	8	0	0	0	0	0	0	0	0	3	1	15	0	0	0	0	0	0	0	0	0
Q	35	1	0	0	0	0	0	0	0
R	35	19	2147483808	1299	2147483812	0	0	0	0	10	0	0	0	0	3	1	15	0	0	0	0	0	0	0	0	0
Q	36	1	0	0	0	0	0	0	0
R	36	20	2147483812	1050003	2147483816	0	0	0	0	11	1	0	0	0	3	1	15	0	0	0	0	0	0	0	0	0
Q	37	1	0	0	0	0	0	0	0
R	37	21	2147483816	1377555	2147483820	10	0	0	0	10	1	0	0	0	3	1	15	0	0	0	0	0	0	0	0	0
Q	38	1	0	0	0	0	0	0	0
R	38	22	2147483820	1706515	2147483824	20	0	5	0	20	6	0	0	0	3	1	15	0	0	0	0	0	0	0	0	0
Q	39	1	0	0	0	0	0	0	0
Q	40	1	0	0	0	0	0	0	0
R	40	23	2147483824	4273278179	2147483816	10	11	1	1	0	0	0	0	0	3	1	15	0	0	0	0	0	0	0	0	0
Q	41	1	0	0	0	0	0	0	0
Q	42	1	0	0	0	0	0	0	0
R	42	24	2147483816	1377555	2147483820	10	0	1	0	10	2	0	0	0	3	1	15	0	0	0	0	0	0	0	0	0
Q	43	1	0	0	0	0	0	0	0
R	43	25	2147483820	1706515	2147483824	20	0	6	0	20	7	0	0	0	3	1	15	0	0	0	0	0	0	0	0	0
Q	44	1	0	0	0	0	0	0	0
R	44	26	2147483824	4273278179	2147483828	10	11	2	1	0	0	0	0	0	3	1	15	0	0	0	0	0	0	0	0	0
Q	45	1	0	0	0	0	0	0	0
R	45	27	2147483828	3147027	2147483832	0	0	0	0	10	3	0	0	0	3	1	15	0	0	0	0	0	0	0	0	0
Q	46	1	0	0	0	0	0	0	0
R	46	28	2147483832	1427	2147483836	0	0	0	0	11	0	0	0	0	3	1	15	0	0	0	0	0	0	0	0	0
Q	47	1	0	0	0	0	0	0	0
R	47	29	2147483836	4294247699	2147483840	10	0	3	0	10	2	0	0	0	3	1	15	0	0	0	0	0	0	0	0	0
Q	48	1	0	0	0	0	0	0	0
R	48	30	2147483840	1706515	2147483844	20	0	7	0	20	8	0	0	0	3	1	15	0	0	0	0	0	0	0	0	0
Q	49	1	0	0	0	0	0	0	0
Q	50	1	0	0	0	0	0	0	0
R	50	31	2147483844	4273282275	2147483836	10	11	2	0	0	0	0	0	0	3	1	15	0	0	0	0	0	0	0	0	0
Q	51	1	0	0	0	0	0	0	0
Q	52	1	0	0	0	0	0	0	0
R	52	32	2147483836	4294247699	2147483840	10	0	2	0	10	1	0	0	0	3	1	15	0	0	0	0	0	0	0	0	0
Q	53	1	0	0	0	0	0	0	0
R	53	33	2147483840	1706515	2147483844	20	0	8	0	20	9	0	0	0	3	1	15	0	0	0	0	0	0	0	0	0
Q	54	1	0	0	0	0	0	0	0
Q	55	1	0	0	0	0	0	0	0
R	55	34	2147483844	4273282275	2147483836	10	11	1	0	0	0	0	0	0	3	1	15	0	0	0	0	0	0	0	0	0
Q	56	1	0	0	0	0	0	0	0
Q	57	1	0	0	0	0	0	0	0
R	57	35	2147483836	4294247699	2147483840	10	0	1	0	10	0	0	0	0	3	1	15	0	0	0	0	0	0	0	0	0
Q	58	1	0	0	0	0	0	0	0
R	58	36	2147483840	1706515	2147483844	20	0	9	0	20	10	0	0	0	3	1	15	0	0	0	0	0	0	0	0	0
Q	59	1	0	0	0	0	0	0	0
R	59	37	2147483844	4273282275	2147483848	10	11	0	0	0	0	0	0	0	3	1	15	0	0	0	0	0	0	0	0	0
Q	60	1	0	0	0	0	0	0	0
R	60	38	2147483848	1043	2147483852	0	0	0	0	8	0	0	0	0	3	1	15	0	0	0	0	0	0	0	0	0
Q	61	1	0	0	0	0	0	0	0
Q	62	1	0	0	0	0	0	0	0
R	62	39	2147483852	49177	2147483858	8	0	0	0	0	0	0	0	0	3	1	15	0	0	0	0	0	0	0	0	0
Q	63	1	0	0	0	0	0	0	0
Q	64	1	0	0	0	0	0	0	0
Q	65	1	0	0	0	0	0	0	0
R	65	40	2147483858	1049619	2147483862	0	0	0	0	8	1	0	0	0	3	1	15	0	0	0	0	0	0	0	0	0
Q	66	1	0	0	0	0	0	0	0
R	66	41	2147483862	49177	2147483864	8	0	1	0	0	0	0	0	0	3	1	15	0	0	0	0	0	0	0	0	0
Q	67	1	0	0	0	0	0	0	0
R	67	42	2147483864	2755091	2147483868	20	0	10	0	20	12	0	0	0	3	1	15	0	0	0	0	0	0	0	0	0
Q	68	1	0	0	0	0	0	0	0
Q	69	1	0	0	0	0	0	0	0
R	69	43	2147483868	57369	2147483874	8	0	1	0	0	0	0	0	0	3	1	15	0	0	0	0	0	0	0	0	0
Q	70	1	0	0	0	0	0	0	0
Q	71	1	0	0	0	0	0	0	0
Q	72	1	0	0	0	0	0	0	0
R	72	44	2147483874	1043	2147483878	0	0	0	0	8	0	0	0	0	3	1	15	0	0	0	0	0	0	0	0	0
Q	73	1	0	0	0	0	0	0	0
R	73	45	2147483878	57369	2147483880	8	0	0	0	0	0	0	0	0	3	1	15	0	0	0	0	0	0	0	0	0
Q	74	1	0	0	0	0	0	0	0
R	74	46	2147483880	3803667	2147483884	20	0	12	0	20	15	0	0	0	3	1	15	0	0	0	0	0	0	0	0	0
Q	75	1	0	0	0	0	0	0	0
R	75	47	2147483884	5244179	2147483888	0	0	0	0	10	5	0	0	0	3	1	15	0	0	0	0	0	0	0	0	0
Q	76	1	0	0	0	0	0	0	0
R	76	48	2147483888	5244307	2147483892	0	0	0	0	11	5	0	0	0	3	1	15	0	0	0	0	0	0	0	0	0
Q	77	1	0	0	0	0	0	0	0
Q	78	1	0	0	0	0	0	0	0
R	78	49	2147483892	11863139	2147483900	10	11	5	5	0	0	0	0	0	3	1	15	0	0	0	0	0	0	0	0	0
Q	79	1	0	0	0	0	0	0	0
Q	80	1	0	0	0	0	0	0	0
R	80	50	2147483900	6292883	2147483904	0	0	0	0	11	6	0	0	0	3	1	15	0	0	0	0	0	0	0	0	0
Q	81	1	0	0	0	0	0	0	0
R	81	51	2147483904	11863139	2147483908	10	11	5	6	0	0	0	0	0	3	1	15	0	0	0	0	0	0	0	0	0
Q	82	1	0	0	0	0	0	0	0
R	82	52	2147483908	4852243	2147483912	20	0	15	0	20	19	0	0	0	3	1	15	0	0	0	0	0	0	0	0	0
Q	83	1	0	0	0	0	0	0	0
Q	84	1	0	0	0	0	0	0	0
R	84	53	2147483912	11867235	2147483920	10	11	5	6	0	0	0	0	0	3	1	15	0	0	0	0	0	0	0	0	0
Q	85	1	0	0	0	0	0	0	0
Q	86	1	0	0	0	0	0	0	0
R	86	54	2147483920	5244307	2147483924	0	0	0	0	11	5	0	0	0	3	1	15	0	0	0	0	0	0	0	0	0
Q	87	1	0	0	0	0	0	0	0
R	87	55	2147483924	11867235	2147483928	10	11	5	5	0	0	0	0	0	3	1	15	0	0	0	0	0	0	0	0	0
Q	88	1	0	0	0	0	0	0	0
R	88	56	2147483928	5900819	2147483932	20	0	19	0	20	24	0	0	0	3	1	15	0	0	0	0	0	0	0	0	0
Q	89	1	0	0	0	0	0	0	0
R	89	57	2147483932	19	2147483936	0	0	0	0	0	0	0	0	0	3	1	15	0	0	0	0	0	0	0	0	0
Q	90	1	0	0	0	0	0	0	0
R	90	58	2147483936	19	2147483940	0	0	0	0	0	0	0	0	0	3	1	15	0	0	0	0	0	0	0	0	0
Q	91	1	0	0	0	0	0	0	0
R	91	59	2147483940	19	2147483944	0	0	0	0	0	0	0	0	0	3	1	15	0	0	0	0	0	0	0	0	0
Q	92	1	0	0	0	0	0	0	0
Q	93	1	0	0	0	0	0	0	0
R	93	60	2147483944	111	2147483944	0	0	0	0	0	0	0	0	0	3	1	15	0	0	0	0	0	0	0	0	0
Q	94	1	0	0	0	0	0	0	0
Q	95	1	0	0	0	0	0	0	0
R	95	61	2147483944	111	2147483944	0	0	0	0	0	0	0	0	0	3	1	15	0	0	0	0	0	0	0	0	0
Q	96	1	0	0	0	0	0	0	0
Q	97	1	0	0	0	0	0	0	0
R	97	62	2147483944	111	2147483944	0	0	0	0	0	0	0	0	0	3	1	15	0	0	0	0	0	0	0	0	0
Q	98	1	0	0	0	0	0	0	0
Q	99	1	0	0	0	0	0	0	0
R	99	63	2147483944	111	2147483944	0	0	0	0	0	0	0	0	0	3	1	15	0	0	0	0	0	0	0	0	0
